,0,1,2,3
original_shape_Elongation_L1,2.472663203009062e-18,2.472663203009062e-18,4.945326406018124e-19,4.945326406018124e-19
original_shape_Elongation_L2,1.9781305624072496e-18,1.9781305624072496e-18,2.9671958436108742e-18,2.9671958436108742e-18
original_shape_Elongation_L3,1.9781305624072496e-18,1.9781305624072496e-18,1.4835979218054371e-18,1.4835979218054371e-18
original_shape_Elongation_L4,1.9781305624072496e-18,1.9781305624072496e-18,4.945326406018124e-19,4.945326406018124e-19
original_shape_Elongation_L5,3.4617284842126867e-18,3.4617284842126867e-18,1.4835979218054371e-18,1.4835979218054371e-18
original_shape_Elongation_Complete,4.945326406018124e-19,4.945326406018124e-19,1.236331601504531e-18,1.236331601504531e-18
original_shape_Flatness_L1,2.225396882708156e-18,2.225396882708156e-18,1.4835979218054371e-18,1.4835979218054371e-18
original_shape_Flatness_L2,1.7308642421063434e-18,1.7308642421063434e-18,2.225396882708156e-18,2.225396882708156e-18
original_shape_Flatness_L3,2.472663203009062e-19,2.472663203009062e-19,1.236331601504531e-18,1.236331601504531e-18
original_shape_Flatness_L4,1.236331601504531e-18,1.236331601504531e-18,7.417989609027186e-19,7.417989609027186e-19
original_shape_Flatness_L5,1.7308642421063434e-18,1.7308642421063434e-18,9.890652812036248e-19,9.890652812036248e-19
original_shape_Flatness_Complete,9.890652812036248e-19,9.890652812036248e-19,2.472663203009062e-19,2.472663203009062e-19
original_shape_LeastAxisLength_L1,6.330017799703199e-17,6.330017799703199e-17,6.330017799703199e-17,6.330017799703199e-17
original_shape_LeastAxisLength_L2,0.0,0.0,1.2660035599406398e-16,1.2660035599406398e-16
original_shape_LeastAxisLength_L3,1.2660035599406398e-16,1.2660035599406398e-16,9.495026699554798e-17,9.495026699554798e-17
original_shape_LeastAxisLength_L4,9.495026699554798e-17,9.495026699554798e-17,3.1650088998515994e-17,3.1650088998515994e-17
original_shape_LeastAxisLength_L5,9.495026699554798e-17,9.495026699554798e-17,9.495026699554798e-17,9.495026699554798e-17
original_shape_LeastAxisLength_Complete,1.2660035599406398e-16,1.2660035599406398e-16,1.8990053399109595e-16,1.8990053399109595e-16
original_shape_MajorAxisLength_L1,1.8990053399109595e-16,1.8990053399109595e-16,1.8990053399109595e-16,1.8990053399109595e-16
original_shape_MajorAxisLength_L2,6.330017799703199e-17,6.330017799703199e-17,6.330017799703199e-17,6.330017799703199e-17
original_shape_MajorAxisLength_L3,-6.330017799703199e-17,-6.330017799703199e-17,1.8990053399109595e-16,1.8990053399109595e-16
original_shape_MajorAxisLength_L4,2.5320071198812795e-16,2.5320071198812795e-16,6.330017799703199e-17,6.330017799703199e-17
original_shape_MajorAxisLength_L5,4.431012459792239e-16,4.431012459792239e-16,6.330017799703199e-17,6.330017799703199e-17
original_shape_MajorAxisLength_Complete,2.5320071198812795e-16,2.5320071198812795e-16,2.5320071198812795e-16,2.5320071198812795e-16
original_shape_Maximum2DDiameterColumn_L1,3.798010679821919e-16,3.798010679821919e-16,4.431012459792239e-16,4.431012459792239e-16
original_shape_Maximum2DDiameterColumn_L2,5.064014239762559e-16,5.064014239762559e-16,1.2660035599406398e-16,1.2660035599406398e-16
original_shape_Maximum2DDiameterColumn_L3,1.8990053399109595e-16,1.8990053399109595e-16,6.330017799703199e-17,6.330017799703199e-17
original_shape_Maximum2DDiameterColumn_L4,5.697016019732879e-16,5.697016019732879e-16,2.5320071198812795e-16,2.5320071198812795e-16
original_shape_Maximum2DDiameterColumn_L5,3.1650088998515995e-16,3.1650088998515995e-16,6.330017799703199e-17,6.330017799703199e-17
original_shape_Maximum2DDiameterColumn_Complete,6.330017799703199e-16,6.330017799703199e-16,-1.2660035599406398e-16,-1.2660035599406398e-16
original_shape_Maximum2DDiameterRow_L1,6.330017799703199e-17,6.330017799703199e-17,3.798010679821919e-16,3.798010679821919e-16
original_shape_Maximum2DDiameterRow_L2,2.5320071198812795e-16,2.5320071198812795e-16,2.5320071198812795e-16,2.5320071198812795e-16
original_shape_Maximum2DDiameterRow_L3,0.0,0.0,0.0,0.0
original_shape_Maximum2DDiameterRow_L4,2.5320071198812795e-16,2.5320071198812795e-16,2.5320071198812795e-16,2.5320071198812795e-16
original_shape_Maximum2DDiameterRow_L5,6.330017799703199e-17,6.330017799703199e-17,1.8990053399109595e-16,1.8990053399109595e-16
original_shape_Maximum2DDiameterRow_Complete,7.596021359643838e-16,7.596021359643838e-16,6.330017799703199e-16,6.330017799703199e-16
original_shape_Maximum2DDiameterSlice_L1,3.1650088998515995e-16,3.1650088998515995e-16,5.697016019732879e-16,5.697016019732879e-16
original_shape_Maximum2DDiameterSlice_L2,3.798010679821919e-16,3.798010679821919e-16,1.2660035599406398e-16,1.2660035599406398e-16
original_shape_Maximum2DDiameterSlice_L3,2.5320071198812795e-16,2.5320071198812795e-16,3.798010679821919e-16,3.798010679821919e-16
original_shape_Maximum2DDiameterSlice_L4,3.1650088998515995e-16,3.1650088998515995e-16,2.5320071198812795e-16,2.5320071198812795e-16
original_shape_Maximum2DDiameterSlice_L5,-6.330017799703199e-17,-6.330017799703199e-17,2.5320071198812795e-16,2.5320071198812795e-16
original_shape_Maximum2DDiameterSlice_Complete,3.1650088998515995e-16,3.1650088998515995e-16,5.697016019732879e-16,5.697016019732879e-16
original_shape_Maximum3DDiameter_L1,2.5320071198812795e-16,2.5320071198812795e-16,1.2660035599406398e-16,1.2660035599406398e-16
original_shape_Maximum3DDiameter_L2,1.2660035599406398e-16,1.2660035599406398e-16,4.431012459792239e-16,4.431012459792239e-16
original_shape_Maximum3DDiameter_L3,2.5320071198812795e-16,2.5320071198812795e-16,3.1650088998515995e-16,3.1650088998515995e-16
original_shape_Maximum3DDiameter_L4,1.8990053399109595e-16,1.8990053399109595e-16,0.0,0.0
original_shape_Maximum3DDiameter_L5,2.5320071198812795e-16,2.5320071198812795e-16,-6.330017799703199e-17,-6.330017799703199e-17
original_shape_Maximum3DDiameter_Complete,1.0128028479525118e-15,1.0128028479525118e-15,7.596021359643838e-16,7.596021359643838e-16
original_shape_MeshVolume_L1,3.240969113448038e-13,3.240969113448038e-13,2.59277529075843e-13,2.59277529075843e-13
original_shape_MeshVolume_L2,1.296387645379215e-13,1.296387645379215e-13,1.9445814680688225e-13,1.9445814680688225e-13
original_shape_MeshVolume_L3,1.296387645379215e-13,1.296387645379215e-13,1.9445814680688225e-13,1.9445814680688225e-13
original_shape_MeshVolume_L4,3.889162936137645e-13,3.889162936137645e-13,6.481938226896076e-14,6.481938226896076e-14
original_shape_MeshVolume_L5,6.481938226896076e-14,6.481938226896076e-14,1.296387645379215e-13,1.296387645379215e-13
original_shape_MeshVolume_Complete,5.18555058151686e-13,5.18555058151686e-13,5.18555058151686e-13,5.18555058151686e-13
original_shape_MinorAxisLength_L1,2.5320071198812795e-16,2.5320071198812795e-16,3.1650088998515995e-16,3.1650088998515995e-16
original_shape_MinorAxisLength_L2,2.5320071198812795e-16,2.5320071198812795e-16,1.8990053399109595e-16,1.8990053399109595e-16
original_shape_MinorAxisLength_L3,6.330017799703199e-17,6.330017799703199e-17,0.0,0.0
original_shape_MinorAxisLength_L4,2.5320071198812795e-16,2.5320071198812795e-16,2.8485080098664395e-16,2.8485080098664395e-16
original_shape_MinorAxisLength_L5,1.2660035599406398e-16,1.2660035599406398e-16,3.1650088998515994e-17,3.1650088998515994e-17
original_shape_MinorAxisLength_Complete,4.431012459792239e-16,4.431012459792239e-16,1.2660035599406398e-16,1.2660035599406398e-16
original_shape_Sphericity_L1,1.236331601504531e-18,1.236331601504531e-18,9.890652812036248e-19,9.890652812036248e-19
original_shape_Sphericity_L2,9.890652812036248e-19,9.890652812036248e-19,9.890652812036248e-19,9.890652812036248e-19
original_shape_Sphericity_L3,1.7308642421063434e-18,1.7308642421063434e-18,1.4835979218054371e-18,1.4835979218054371e-18
original_shape_Sphericity_L4,4.945326406018124e-19,4.945326406018124e-19,1.4835979218054371e-18,1.4835979218054371e-18
original_shape_Sphericity_L5,-2.472663203009062e-19,-2.472663203009062e-19,9.890652812036248e-19,9.890652812036248e-19
original_shape_Sphericity_Complete,7.417989609027186e-19,7.417989609027186e-19,4.945326406018124e-19,4.945326406018124e-19
original_shape_SurfaceArea_L1,6.481938226896076e-14,6.481938226896076e-14,3.240969113448038e-14,3.240969113448038e-14
original_shape_SurfaceArea_L2,3.240969113448038e-14,3.240969113448038e-14,9.722907340344113e-14,9.722907340344113e-14
original_shape_SurfaceArea_L3,-1.620484556724019e-14,-1.620484556724019e-14,9.722907340344113e-14,9.722907340344113e-14
original_shape_SurfaceArea_L4,6.481938226896076e-14,6.481938226896076e-14,4.8614536701720564e-14,4.8614536701720564e-14
original_shape_SurfaceArea_L5,1.620484556724019e-14,1.620484556724019e-14,1.620484556724019e-14,1.620484556724019e-14
original_shape_SurfaceArea_Complete,6.481938226896076e-14,6.481938226896076e-14,1.9445814680688225e-13,1.9445814680688225e-13
original_shape_SurfaceVolumeRatio_L1,6.181658007522655e-19,6.181658007522655e-19,3.708994804513593e-19,3.708994804513593e-19
original_shape_SurfaceVolumeRatio_L2,3.708994804513593e-19,3.708994804513593e-19,3.708994804513593e-19,3.708994804513593e-19
original_shape_SurfaceVolumeRatio_L3,7.417989609027186e-19,7.417989609027186e-19,2.472663203009062e-19,2.472663203009062e-19
original_shape_SurfaceVolumeRatio_L4,4.945326406018124e-19,4.945326406018124e-19,7.417989609027186e-19,7.417989609027186e-19
original_shape_SurfaceVolumeRatio_L5,0.0,0.0,9.890652812036248e-19,9.890652812036248e-19
original_shape_SurfaceVolumeRatio_Complete,0.0,0.0,4.945326406018124e-19,4.945326406018124e-19
original_shape_VoxelVolume_L1,4.537356758827253e-13,4.537356758827253e-13,3.240969113448038e-13,3.240969113448038e-13
original_shape_VoxelVolume_L2,2.59277529075843e-13,2.59277529075843e-13,1.9445814680688225e-13,1.9445814680688225e-13
original_shape_VoxelVolume_L3,-1.9445814680688225e-13,-1.9445814680688225e-13,1.9445814680688225e-13,1.9445814680688225e-13
original_shape_VoxelVolume_L4,3.240969113448038e-13,3.240969113448038e-13,3.889162936137645e-13,3.889162936137645e-13
original_shape_VoxelVolume_L5,1.296387645379215e-13,1.296387645379215e-13,1.296387645379215e-13,1.296387645379215e-13
original_shape_VoxelVolume_Complete,1.555665174455058e-12,1.555665174455058e-12,2.59277529075843e-13,2.59277529075843e-13
original_firstorder_10Percentile_L1,-0.8949999999999996,-0.6199999999999996,-0.6974999999999997,-0.5699999999999997
original_firstorder_10Percentile_L2,-0.9049999999999999,-0.7149999999999999,-0.6999999999999998,-0.5849999999999995
original_firstorder_10Percentile_L3,-1.1249999999999993,-0.9699999999999995,-0.8299999999999998,-0.7299999999999996
original_firstorder_10Percentile_L4,-1.1499999999999995,-0.9349999999999993,-0.8599999999999995,-0.7349999999999997
original_firstorder_10Percentile_L5,-1.1699999999999997,-0.9249999999999996,-0.8149999999999998,-0.6999999999999997
original_firstorder_10Percentile_Complete,-1.035,-0.8149999999999994,-0.7649999999999999,-0.6699999999999997
original_firstorder_90Percentile_L1,-4.3950000000000005,-4.2799999999999985,-3.0699999999999985,-3.1699999999999995
original_firstorder_90Percentile_L2,-4.134999999999997,-4.089999999999996,-3.0399999999999983,-3.0149999999999966
original_firstorder_90Percentile_L3,-4.814999999999996,-4.694999999999997,-3.485,-3.499999999999998
original_firstorder_90Percentile_L4,-4.744999999999997,-4.669999999999998,-3.5399999999999983,-3.5549999999999984
original_firstorder_90Percentile_L5,-4.5,-4.364999999999999,-3.349999999999997,-3.289999999999998
original_firstorder_90Percentile_Complete,-4.534999999999999,-4.449999999999997,-3.3,-3.339999999999997
original_firstorder_Energy_L1,-1116601528.7699997,-1059728846.2400001,-274578364.29999983,-268579980.65500003
original_firstorder_Energy_L2,-972721222.9749993,-917547374.2999998,-251944065.71999985,-237268087.32999992
original_firstorder_Energy_L3,-1214037988.3399994,-1134316749.5249994,-309356279.4999998,-292444219.38999987
original_firstorder_Energy_L4,-1143696115.7449994,-1066908467.0499992,-297680091.84499973,-283067295.0699999
original_firstorder_Energy_L5,-861156966.4050001,-807332739.3099998,-225848268.07999986,-214890961.65999994
original_firstorder_Energy_Complete,-5308213822.234997,-4985834176.424998,-1359407069.4449992,-1296250544.1049988
original_firstorder_Entropy_L1,-0.005846882068583136,-0.006884884224197637,-0.004630399195492816,-0.006032865487898155
original_firstorder_Entropy_L2,-0.006104874359826665,-0.007027252666162901,-0.005136234664123062,-0.006350032396343855
original_firstorder_Entropy_L3,-0.006454550763637136,-0.007098754325576131,-0.0051440164709894405,-0.006276047241006186
original_firstorder_Entropy_L4,-0.00639534822649073,-0.007186226321868623,-0.005057992395266066,-0.0063344430485206575
original_firstorder_Entropy_L5,-0.005673337676775562,-0.0066460040362378,-0.004860235745931677,-0.006282540147055781
original_firstorder_Entropy_Complete,-0.006157336063596747,-0.007034578263130802,-0.00499337171951244,-0.006274432870801973
original_firstorder_InterquartileRange_L1,-1.4949999999999988,-1.3599999999999999,-0.9949999999999991,-1.0699999999999992
original_firstorder_InterquartileRange_L2,-1.5649999999999993,-1.4849999999999999,-1.1049999999999998,-1.1499999999999988
original_firstorder_InterquartileRange_L3,-1.8199999999999976,-1.7174999999999987,-1.3599999999999994,-1.414999999999999
original_firstorder_InterquartileRange_L4,-1.889999999999999,-1.819999999999998,-1.4049999999999987,-1.4799999999999989
original_firstorder_InterquartileRange_L5,-1.8599999999999979,-1.7199999999999989,-1.395,-1.4349999999999985
original_firstorder_InterquartileRange_Complete,-1.7049999999999987,-1.6099999999999983,-1.264999999999999,-1.3049999999999995
original_firstorder_Kurtosis_L1,-0.006069813545196057,-0.0076134815179552204,-0.007877417026980926,-0.004501909101753389
original_firstorder_Kurtosis_L2,-0.005635539440016661,-0.006641518596430959,-0.007085907866919519,-0.0041686850600160166
original_firstorder_Kurtosis_L3,-0.0018681521387608545,-0.0034189529417586054,-0.0036000715242852917,-0.0007369851349774958
original_firstorder_Kurtosis_L4,-0.00046841230106373305,-0.0013204484060978005,-0.002887980860142835,0.0009846693858526602
original_firstorder_Kurtosis_L5,-0.0013164455807766237,-0.0037068067138363286,-0.002200484580251414,0.0005651490303332547
original_firstorder_Kurtosis_Complete,-0.0028693582175174414,-0.004359476042613875,-0.004484500786943561,-0.0013091153611585705
original_firstorder_Maximum_L1,-10.42499999999999,-11.239999999999997,-9.124999999999998,-8.325
original_firstorder_Maximum_L2,-10.114999999999995,-10.864999999999984,-8.284999999999997,-8.459999999999997
original_firstorder_Maximum_L3,-9.844999999999999,-12.059999999999993,-9.35999999999999,-8.274999999999995
original_firstorder_Maximum_L4,-12.099999999999996,-12.289999999999992,-8.429999999999994,-8.974999999999994
original_firstorder_Maximum_L5,-7.904999999999997,-11.424999999999985,-9.74,-8.739999999999993
original_firstorder_Maximum_Complete,-10.374999999999991,-12.289999999999992,-8.754999999999995,-8.709999999999996
original_firstorder_MeanAbsoluteDeviation_L1,-1.0827224570105503,-1.1199167422193834,-0.7683237818651726,-0.8184338987816573
original_firstorder_MeanAbsoluteDeviation_L2,-1.030545045246662,-1.064317472941995,-0.7857418002050255,-0.7874926527939338
original_firstorder_MeanAbsoluteDeviation_L3,-1.162975408430971,-1.1815799996500442,-0.8916767126858591,-0.9003968387201783
original_firstorder_MeanAbsoluteDeviation_L4,-1.1433067875323804,-1.1804301322046702,-0.8904960934237134,-0.910490189911567
original_firstorder_MeanAbsoluteDeviation_L5,-1.090268007708582,-1.113476773956077,-0.8530181197530546,-0.8638622955577266
original_firstorder_MeanAbsoluteDeviation_Complete,-1.110094203293955,-1.1397329756071015,-0.8415313988034958,-0.8609335234841219
original_firstorder_Mean_L1,-2.384595679679215,-2.1732769216081347,-1.6341673075491798,-1.623707577712172
original_firstorder_Mean_L2,-2.3376714764600126,-2.159875149488272,-1.658713478333139,-1.6348429168744476
original_firstorder_Mean_L3,-2.6865457769566268,-2.470242084697126,-1.884975849855097,-1.8612565303963229
original_firstorder_Mean_L4,-2.741277380529144,-2.49590633852082,-1.9358876386217037,-1.9152746972954622
original_firstorder_Mean_L5,-2.5915246564127563,-2.368873242871324,-1.8466617171205648,-1.82281858053884
original_firstorder_Mean_Complete,-2.5405721388316955,-2.3269118281165366,-1.7845320135106155,-1.7643017338991134
original_firstorder_Median_L1,-2.0249999999999995,-1.7549999999999988,-1.3199999999999992,-1.3149999999999995
original_firstorder_Median_L2,-2.084999999999999,-1.8149999999999993,-1.3624999999999996,-1.3849999999999991
original_firstorder_Median_L3,-2.309999999999999,-2.0149999999999997,-1.5099999999999987,-1.5649999999999997
original_firstorder_Median_L4,-2.4449999999999985,-2.099999999999999,-1.5699999999999992,-1.6199999999999999
original_firstorder_Median_L5,-2.2449999999999988,-1.974999999999999,-1.5149999999999992,-1.5899999999999987
original_firstorder_Median_Complete,-2.2099999999999986,-1.92,-1.429999999999999,-1.4599999999999993
original_firstorder_Minimum_L1,-1.7050000000000016,-1.6400000000000003,-1.7400000000000033,-0.8500000000000006
original_firstorder_Minimum_L2,-3.4900000000000015,-0.7650000000000009,-6.0299999999999985,-6.594999999999997
original_firstorder_Minimum_L3,-2.4400000000000013,-0.4000000000000011,-0.350000000000001,0.8199999999999993
original_firstorder_Minimum_L4,-3.34,-0.08500000000000052,-9.614999999999997,-6.919999999999996
original_firstorder_Minimum_L5,-1.7900000000000011,0.13999999999999851,-9.575,-6.689999999999996
original_firstorder_Minimum_Complete,-2.7950000000000013,0.08499999999999977,-9.194999999999999,-6.944999999999996
original_firstorder_Range_L1,-8.719999999999997,-9.599999999999989,-7.384999999999991,-7.474999999999989
original_firstorder_Range_L2,-6.624999999999988,-10.099999999999987,-2.254999999999996,-1.8649999999999975
original_firstorder_Range_L3,-7.404999999999998,-11.659999999999993,-9.00999999999999,-9.094999999999995
original_firstorder_Range_L4,-8.759999999999993,-12.204999999999993,1.1849999999999996,-2.0549999999999953
original_firstorder_Range_L5,-6.114999999999991,-11.564999999999996,-0.16499999999999831,-2.049999999999995
original_firstorder_Range_Complete,-7.579999999999989,-12.374999999999993,0.4400000000000103,-1.7649999999999986
original_firstorder_RobustMeanAbsoluteDeviation_L1,-0.65417396346698,-0.6385971763093978,-0.4495854631507328,-0.4819362201354706
original_firstorder_RobustMeanAbsoluteDeviation_L2,-0.6578360409841961,-0.6472819637758389,-0.48237186679081134,-0.4937622576222142
original_firstorder_RobustMeanAbsoluteDeviation_L3,-0.7728711583761706,-0.7590826705019283,-0.5836521998497143,-0.6053262525938437
original_firstorder_RobustMeanAbsoluteDeviation_L4,-0.7863545287638661,-0.7901154488706075,-0.5941182883426567,-0.6228092427998402
original_firstorder_RobustMeanAbsoluteDeviation_L5,-0.7613670636461555,-0.7358275803870129,-0.5868773329119307,-0.5931473231182872
original_firstorder_RobustMeanAbsoluteDeviation_Complete,-0.7254418446917084,-0.7161425568559994,-0.539680838560676,-0.561036712632907
original_firstorder_RootMeanSquared_L1,-2.765774756657221,-2.6807643225613558,-1.9256512406126858,-1.9679718854059556
original_firstorder_RootMeanSquared_L2,-2.671736234240933,-2.5991813530017653,-1.9511937318188526,-1.9406213443624023
original_firstorder_RootMeanSquared_L3,-3.0273399922884434,-2.909504527253398,-2.190052476791279,-2.1873430017616933
original_firstorder_RootMeanSquared_L4,-3.046231333259047,-2.913399680346328,-2.219851556661512,-2.226697552726253
original_firstorder_RootMeanSquared_L5,-2.8763924450638427,-2.7656354358020585,-2.1113158609539795,-2.118716809109005
original_firstorder_RootMeanSquared_Complete,-2.8764093610191046,-2.772780145802945,-2.076000783480673,-2.084954815312418
original_firstorder_Skewness_L1,-0.0013970557078211503,-0.0014584055203203615,-0.0016556711359985415,-0.0005159228566143807
original_firstorder_Skewness_L2,-0.0010649671611835771,-0.001273380764510371,-0.001478464347160061,-0.0004164099413381295
original_firstorder_Skewness_L3,-0.00011398382818086584,-0.0006284197650273805,-0.000858062847341909,0.00014772668908162405
original_firstorder_Skewness_L4,0.00034568607269778496,4.904503200868471e-05,-0.0007295269554934068,0.0005630982854207165
original_firstorder_Skewness_L5,-0.00031793444330518566,-0.0006977970198305839,-0.0006668602796083186,0.00047876019077429827
original_firstorder_Skewness_Complete,-0.000484056606677542,-0.0007757724500432824,-0.0010405893254182847,7.509577185066656e-05
original_firstorder_TotalEnergy_L1,-272607795.1098631,-258722862.85156244,-163661618.49677515,-160086299.74138808
original_firstorder_TotalEnergy_L2,-237480767.3278808,-224010589.42871085,-150170512.05586582,-141422938.72664747
original_firstorder_TotalEnergy_L3,-296395993.2470702,-276932800.17700195,-184390891.55543765,-174310508.35855457
original_firstorder_TotalEnergy_L4,-279222684.5080565,-260475699.9633789,-177431334.5839295,-168721420.4686718
original_firstorder_TotalEnergy_L5,-210243400.00122055,-197102719.55810535,-134616189.381482,-128085119.43489657
original_firstorder_TotalEnergy_Complete,-1295950640.194091,-1217244671.978759,-810270546.0734907,-772626286.7301586
original_firstorder_Uniformity_L1,0.00011584639292404163,0.00013955915153315601,0.000104447587731963,0.00015033329767677163
original_firstorder_Uniformity_L2,0.00013230178711777157,0.00015906453275680053,0.00012664621732190546,0.00018400977591735457
original_firstorder_Uniformity_L3,0.00012454489432198152,0.00014215651772836503,0.0001127163278824885,0.00016150118836273306
original_firstorder_Uniformity_L4,0.00012612534606145555,0.00014468305964481792,0.00011020483237736105,0.00016065023361089558
original_firstorder_Uniformity_L5,0.00011424290005402306,0.00013645549355071953,0.00010966150939838363,0.00016607122144057603
original_firstorder_Uniformity_Complete,0.00012322888634261597,0.00014447555398991658,0.00011265936603795347,0.00016256470591363294
original_firstorder_Variance_L1,-1045.617678330557,-1041.2982478202894,-665.6571031338013,-645.9660291912151
original_firstorder_Variance_L2,-909.6003793592246,-879.1548792144806,-620.1396868574188,-552.6196384343078
original_firstorder_Variance_L3,-1048.1366341900105,-996.4458257027683,-723.7633223805062,-647.7329224435764
original_firstorder_Variance_L4,-1012.2652293891674,-975.5286735981349,-717.8409114318794,-649.2854309761127
original_firstorder_Variance_L5,-941.0336559961072,-915.8112670312581,-666.1207247779911,-607.3210601721785
original_firstorder_Variance_Complete,-1001.6893435319885,-971.2762716506498,-683.458536217984,-625.7069441944683
original_glcm_Autocorrelation_L1,-4.477265326667181,-3.429157163517894,0.265470656927074,-2.52918886547542
original_glcm_Autocorrelation_L2,1.9664970309963914,-4.0041847431023445,12.422835244495337,10.194888256368149
original_glcm_Autocorrelation_L3,-1.171068869159731,-6.383018843599073,-4.547692244331901,-5.528202077015153
original_glcm_Autocorrelation_L4,0.36002974751348693,-7.091161630239088,23.601707569546775,13.479512114169852
original_glcm_Autocorrelation_L5,-4.0185093563739045,-7.3764833502709175,24.809890113111056,13.255193358555774
original_glcm_Autocorrelation_Complete,-1.2784196578578795,-7.015522038318806,24.136124116244403,13.685331013493169
original_glcm_ClusterProminence_L1,-59324.33112173913,-55692.69857514532,-29896.947039409897,-26136.588800862686
original_glcm_ClusterProminence_L2,-41399.57222562381,-36991.344313132664,-21854.189250326977,-17382.831576630317
original_glcm_ClusterProminence_L3,-46506.48557866764,-41356.5790835585,-25186.868343121867,-20224.768164635487
original_glcm_ClusterProminence_L4,-44443.13190062965,-39941.675621439106,-24739.738115683725,-19965.47526443075
original_glcm_ClusterProminence_L5,-40952.626592377324,-36788.60799313497,-22238.939559045564,-17726.198452450466
original_glcm_ClusterProminence_Complete,-47176.35608725738,-42737.785670497295,-25098.00997185107,-20573.10182582201
original_glcm_ClusterShade_L1,-444.9105609922554,-429.17692521094904,-262.94447751716575,-236.74756370436754
original_glcm_ClusterShade_L2,-330.3488797171837,-308.7825648015806,-205.90117127641815,-170.86569728303957
original_glcm_ClusterShade_L3,-356.3752387391852,-335.57195252758845,-229.73398776897562,-193.68026992512463
original_glcm_ClusterShade_L4,-330.0760063445903,-312.4119911997867,-221.26622975098368,-185.79785060684455
original_glcm_ClusterShade_L5,-319.4549056054028,-300.4809448719807,-204.4502541102834,-170.4378270466594
original_glcm_ClusterShade_Complete,-360.8364309701259,-341.23331604062986,-227.55280491330078,-193.98640516914222
original_glcm_ClusterTendency_L1,-6.9529572009254625,-6.651074168216097,-4.337397874257218,-4.184080586291979
original_glcm_ClusterTendency_L2,-5.8675201840215605,-5.584412960830391,-3.8439292994541328,-3.503939058213562
original_glcm_ClusterTendency_L3,-6.706880506741217,-6.311767451983808,-4.481073948010509,-4.123277384942058
original_glcm_ClusterTendency_L4,-6.553082419549191,-6.175024237626518,-4.476194219955655,-4.134002110739218
original_glcm_ClusterTendency_L5,-6.202239355781979,-5.8280778442225465,-4.226969368697283,-3.8987431201702436
original_glcm_ClusterTendency_Complete,-6.527450741521435,-6.176049956953307,-4.3059188915272095,-4.003825019605654
original_glcm_Contrast_L1,-0.00902460095104676,-0.1188205261591297,-0.1054201271779752,-0.13191337052944263
original_glcm_Contrast_L2,-0.13163289082875126,-0.1518909256263301,-0.2621331212737885,-0.17843309386738815
original_glcm_Contrast_L3,-0.228791282144661,-0.2011596933231202,-0.3496256815911669,-0.23632668634447765
original_glcm_Contrast_L4,-0.18494844791862294,-0.19661558854510675,-0.3446210144855784,-0.2444727990157264
original_glcm_Contrast_L5,-0.07235886663407085,-0.1609948933881197,-0.2842009667601725,-0.21414625471639348
original_glcm_Contrast_Complete,-0.12545765136773968,-0.16493161646951973,-0.2645504338653066,-0.1983618938489856
original_glcm_Correlation_L1,-0.00144477638681695,-0.00044974879828973535,-0.0012208413849381051,-0.0005211658921511393
original_glcm_Correlation_L2,-0.0013727970816572563,-0.0004405904629216265,-0.001111273740277948,-0.0005002543509487964
original_glcm_Correlation_L3,-0.0012314685739518872,-0.0004185824093307392,-0.0010421053982382577,-0.0004646463915939742
original_glcm_Correlation_L4,-0.001279138761020224,-0.00041539907488776927,-0.0010152597998384567,-0.00043293799921520715
original_glcm_Correlation_L5,-0.001425137916155707,-0.0004396920367043054,-0.0010772801424354472,-0.00047180817836849727
original_glcm_Correlation_Complete,-0.0013480276205353893,-0.0004323792823749331,-0.0010920349948715846,-0.0004780128081107129
original_glcm_DifferenceAverage_L1,0.0025446147649117986,-0.00571917444533009,-0.0014121690343755113,-0.007275725445853529
original_glcm_DifferenceAverage_L2,-0.003221141244903968,-0.008182969133748302,-0.008100314063583408,-0.009931450249795807
original_glcm_DifferenceAverage_L3,-0.006915023374118941,-0.010342047784756092,-0.010000456084246299,-0.01213619787759798
original_glcm_DifferenceAverage_L4,-0.005528906225664692,-0.010187909690047835,-0.00966584349259074,-0.012433566882953823
original_glcm_DifferenceAverage_L5,0.00012151652777307403,-0.008414416044063348,-0.0074458142753409465,-0.011361990763295136
original_glcm_DifferenceAverage_Complete,-0.0026204254260932753,-0.008509959661479095,-0.007189073488455829,-0.01049774170337296
original_glcm_DifferenceEntropy_L1,0.0004777662221116515,-0.0020739017515472007,-0.00037102233661379845,-0.0025208300320566954
original_glcm_DifferenceEntropy_L2,-0.0008440732697302653,-0.0029562509524391663,-0.001957314937325393,-0.0034208341133547585
original_glcm_DifferenceEntropy_L3,-0.001540696679392797,-0.0033971771800440434,-0.002184395397617795,-0.003846319261069464
original_glcm_DifferenceEntropy_L4,-0.0012632532893036286,-0.0033301727983540467,-0.0021013305566316733,-0.003914285141798997
original_glcm_DifferenceEntropy_L5,-8.215107401545581e-05,-0.0028511378462024706,-0.0016496198440853246,-0.0036269083265850223
original_glcm_DifferenceEntropy_Complete,-0.0006910057843742836,-0.0029260372533142652,-0.0016527526007748396,-0.0034516925990351758
original_glcm_DifferenceVariance_L1,-0.03966503275454286,-0.07649670788318766,-0.0896922600349607,-0.07722712288307156
original_glcm_DifferenceVariance_L2,-0.09456984197491891,-0.09149670099253998,-0.16765333271637234,-0.10234981382541808
original_glcm_DifferenceVariance_L3,-0.13937343434627522,-0.115839743054435,-0.21957257806018324,-0.13321309958720087
original_glcm_DifferenceVariance_L4,-0.11444648029505267,-0.1124917239717695,-0.21810975746511094,-0.1375909369384021
original_glcm_DifferenceVariance_L5,-0.07299659874189232,-0.09316860616122101,-0.1895343990922308,-0.1182745120364425
original_glcm_DifferenceVariance_Complete,-0.0938858499794211,-0.09817958727987619,-0.17599095666313122,-0.11317855926151389
original_glcm_Id_L1,-0.0001502197198167094,0.00021251891894016656,-5.857746803508928e-05,0.0004067759057838228
original_glcm_Id_L2,4.033656602520338e-05,0.00037222538074786293,0.00014106459108030746,0.0005299386596702967
original_glcm_Id_L3,0.00013877608444132607,0.00041860876203613976,0.00014956980830946448,0.0005436297907972122
original_glcm_Id_L4,0.00010462239116728948,0.0004249285634381086,0.00012805806131869604,0.0005339817220033255
original_glcm_Id_L5,-0.00010023853455892863,0.0003281104768094906,7.260867351907168e-05,0.0005228574323978999
original_glcm_Id_Complete,8.550231237258788e-06,0.0003493104705884173,8.466670940257292e-05,0.0005043197530576459
original_glcm_Idm_L1,-0.00015604513921931124,0.00022710606564510047,-7.101737589915886e-05,0.0004697464471440715
original_glcm_Idm_L2,3.92371439496416e-05,0.0004121691940097154,0.00012967717384712956,0.0006052534240480641
original_glcm_Idm_L3,0.00013582276071816916,0.00045344129756765884,0.00013183018217625785,0.0006036340821787385
original_glcm_Idm_L4,0.00010229716717765781,0.0004636546285864774,0.00010791382466286802,0.0005897833289698108
original_glcm_Idm_L5,-0.00010924834938947075,0.00035091820343936315,5.438312200916869e-05,0.0005818617356870115
original_glcm_Idm_Complete,4.55483605232416e-06,0.00037948610054383834,6.899527585665943e-05,0.0005672466353378661
original_glcm_Idmn_L1,-3.54190728956269e-05,-1.5240320828177169e-05,-4.0856766570915614e-05,-1.8802435136740344e-05
original_glcm_Idmn_L2,-1.7999759712413013e-05,-1.3189951400530945e-05,1.3463836682807402e-05,1.6355397332466308e-05
original_glcm_Idmn_L3,-1.4525080811552681e-05,-2.3830027104942765e-05,-4.301815145410648e-05,-2.733694325536118e-05
original_glcm_Idmn_L4,-2.512712344618775e-05,-1.808253504249734e-05,3.720258552757482e-05,1.6514419739465954e-05
original_glcm_Idmn_L5,-2.2029332674382757e-05,-1.836016549935486e-05,2.7556566369388775e-05,1.3760820221223229e-05
original_glcm_Idmn_Complete,-2.07730915243436e-05,-1.5839138933766742e-05,2.6866951493309757e-05,1.5443846566809846e-05
original_glcm_Idn_L1,-0.00017439230596376216,-9.56024588540676e-05,-0.00016441587239792886,-7.873333902585678e-05
original_glcm_Idn_L2,-9.494919996391031e-05,-8.03456066610352e-05,2.1470084504544488e-05,6.521638580188666e-05
original_glcm_Idn_L3,-7.598817881380256e-05,-0.00011874053102552602,-0.0001561972547268515,-9.726881974771779e-05
original_glcm_Idn_L4,-0.00011462311425989141,-9.64123311895998e-05,9.416171470566414e-05,6.992589716517415e-05
original_glcm_Idn_L5,-0.00011529188446226385,-0.00010132831072820516,6.130985035788085e-05,6.212593270703944e-05
original_glcm_Idn_Complete,-0.00010935657349217286,-9.527076066571752e-05,6.63997470946713e-05,6.686131780705774e-05
original_glcm_Imc1_L1,0.0009211297918585626,0.0005531939284541181,0.0006582651911991695,0.00041044371149558876
original_glcm_Imc1_L2,0.0006917375118619112,0.0003930104192751796,0.00045664610746483744,0.00029493223404081594
original_glcm_Imc1_L3,0.000598639913730741,0.000322269538940648,0.00043694105237989837,0.00026138031052373956
original_glcm_Imc1_L4,0.0006444760081104227,0.00032454942539012036,0.0004473421498796461,0.0002513251953675701
original_glcm_Imc1_L5,0.0008085274660382582,0.00038597183938609094,0.0005142736475020135,0.0002865577718268134
original_glcm_Imc1_Complete,0.0007266378671950675,0.0003969223131725237,0.0004904361382500634,0.0002946380097124042
original_glcm_Imc2_L1,-0.0014586140621504417,-0.00033066427393647354,-0.001344746127407347,-0.0004350027563407202
original_glcm_Imc2_L2,-0.001398759083113927,-0.00032428257895814055,-0.0012657592220151994,-0.000461341818258223
original_glcm_Imc2_L3,-0.0013044430464307641,-0.00031175844842161915,-0.0012575661788828336,-0.00045762622598692653
original_glcm_Imc2_L4,-0.0013343209502054882,-0.00030754597567681495,-0.0012284013489198922,-0.0004288317929296487
original_glcm_Imc2_L5,-0.0014477642469704543,-0.0003180139478711925,-0.001289804751505978,-0.0004560505267381319
original_glcm_Imc2_Complete,-0.0014015262631360435,-0.0003190577895098038,-0.001286307289252974,-0.0004435909678598237
original_glcm_InverseVariance_L1,-0.00015949705559793352,0.00021084071929769056,-5.794291282111864e-05,0.00038959907905237014
original_glcm_InverseVariance_L2,3.538022882539428e-05,0.00036523476382752747,0.00013285659118039263,0.0005032659576039447
original_glcm_InverseVariance_L3,0.0001297307732948874,0.0004160719392322533,0.0001282064528505043,0.0005251862738163029
original_glcm_InverseVariance_L4,0.00010019834387702864,0.000420339958234572,0.00010737220904509539,0.0005298868506450832
original_glcm_InverseVariance_L5,-0.00011043085777881403,0.0003273362187578371,4.9692844992603894e-05,0.0005054377491634685
original_glcm_InverseVariance_Complete,1.0921351078962818e-06,0.00034578987380363263,7.092770211162446e-05,0.00048747401245484315
original_glcm_JointAverage_L1,-0.035462412548340906,-0.03179943999834367,0.015101591635780199,-0.03440790954059528
original_glcm_JointAverage_L2,0.0474648079332249,-0.05133492381576165,0.18425565445089873,0.20030409558372472
original_glcm_JointAverage_L3,0.003055993028496017,-0.0938932583556605,-0.05992255520936751,-0.10887744920949523
original_glcm_JointAverage_L4,0.02531315278582972,-0.09501862315990312,0.3077437011580359,0.19872250915328038
original_glcm_JointAverage_L5,-0.03330126880364459,-0.09461088797091909,0.3213930055202232,0.19251722689669112
original_glcm_JointAverage_Complete,0.0036448261366259717,-0.0881244604504146,0.30898861650863235,0.2049070979833294
original_glcm_JointEnergy_L1,6.275002142107003e-06,1.6721348735868008e-05,6.745233090780002e-06,2.35963839990355e-05
original_glcm_JointEnergy_L2,9.240420888549e-06,2.2953926432114e-05,1.1017317285570504e-05,3.2315654536153e-05
original_glcm_JointEnergy_L3,8.528120959482004e-06,1.8375286271486506e-05,8.552055309528503e-06,2.5230742225244496e-05
original_glcm_JointEnergy_L4,8.635013051125999e-06,1.8898543795198505e-05,8.144263949403004e-06,2.5101098817608002e-05
original_glcm_JointEnergy_L5,5.997798357693001e-06,1.7349286695955007e-05,7.6058418077644996e-06,2.6425619300257e-05
original_glcm_JointEnergy_Complete,7.845655654109501e-06,1.8796920349819004e-05,8.367111979082002e-06,2.5952704481577493e-05
original_glcm_JointEntropy_L1,-0.0060209650552365285,-0.008967946355852638,-0.0054215665215239855,-0.00890327709293127
original_glcm_JointEntropy_L2,-0.007734786219198748,-0.010313164910587775,-0.007575326574489456,-0.010280009922429527
original_glcm_JointEntropy_L3,-0.00894917281796946,-0.010859185455058505,-0.007775096273646683,-0.010494182653305728
original_glcm_JointEntropy_L4,-0.008700365089498063,-0.010965682206105306,-0.007583203420838714,-0.010641787695620545
original_glcm_JointEntropy_L5,-0.00632135503802852,-0.00968506362914758,-0.006817128024551624,-0.01036829157179414
original_glcm_JointEntropy_Complete,-0.007700524383158988,-0.010258241803618326,-0.007150908733687069,-0.010181650211010272
original_glcm_MCC_L1,-0.001133924613720328,-0.00042798864298681263,-0.000997846183235321,-0.0005346446848297073
original_glcm_MCC_L2,-0.0012001168520254892,-0.0004093550950425867,-0.0010322821188736547,-0.0005335136338529189
original_glcm_MCC_L3,-0.0010354935277836156,-0.00039209018255477376,-0.000889392110595228,-0.0005118877381999666
original_glcm_MCC_L4,-0.0010749071658031413,-0.00038562387031447617,-0.0006835513443108152,-0.0004763570891063744
original_glcm_MCC_L5,-0.0012320366287149607,-0.00042002128329470656,-0.0008670056948656932,-0.0005117979306696528
original_glcm_MCC_Complete,-0.0011298408520803891,-0.00040882459459873935,-0.0009335517649921842,-0.0005213423733561673
original_glcm_MaximumProbability_L1,2.4962490910645507e-05,6.934261526694301e-05,2.3364652507424003e-05,8.054484191144099e-05
original_glcm_MaximumProbability_L2,3.2441551718700995e-05,8.386713441495253e-05,3.227416953509949e-05,0.00011742901069411552
original_glcm_MaximumProbability_L3,2.79363968502e-05,6.790992756897251e-05,2.1621488566698506e-05,7.794941412105401e-05
original_glcm_MaximumProbability_L4,3.048053211909551e-05,7.467695873097551e-05,2.4775158486595506e-05,9.382159458225997e-05
original_glcm_MaximumProbability_L5,1.7153939728249514e-05,6.855900089988752e-05,1.765699696419102e-05,8.552165895965003e-05
original_glcm_MaximumProbability_Complete,2.7588510117947003e-05,7.594395094746852e-05,2.3946705121551e-05,9.232001920911651e-05
original_glcm_SumAverage_L1,-0.07092482509667998,-0.06359887999668898,0.030203183271561317,-0.06881581908119058
original_glcm_SumAverage_L2,0.0949296158664503,-0.10266984763152241,0.36851130890180067,0.40060819116744867
original_glcm_SumAverage_L3,0.006111986056992793,-0.18778651671132066,-0.11984511041873408,-0.21775489841899043
original_glcm_SumAverage_L4,0.0506263055716596,-0.1900372463198041,0.615487402316072,0.3974450183065616
original_glcm_SumAverage_L5,-0.06660253760728892,-0.1892217759418382,0.642786011040446,0.3850344537933806
original_glcm_SumAverage_Complete,0.007289652273252007,-0.17624892090082853,0.6179772330172619,0.40981419596665825
original_glcm_SumEntropy_L1,-0.0070387683764127455,-0.007115949371660605,-0.005596927811450664,-0.0064607147973805915
original_glcm_SumEntropy_L2,-0.007095245348535461,-0.007305077020555069,-0.006021723249595924,-0.006788106853432543
original_glcm_SumEntropy_L3,-0.007365483524600259,-0.007308706872120214,-0.0060164710963161025,-0.0067620063292990465
original_glcm_SumEntropy_L4,-0.007428302454140858,-0.0074076316804653035,-0.006018902381079903,-0.006872276979355235
original_glcm_SumEntropy_L5,-0.006773229317072488,-0.0069029731211883265,-0.005854005998871171,-0.006795063117799635
original_glcm_SumEntropy_Complete,-0.00721522380578634,-0.007279461674587685,-0.00593299727942734,-0.006743200727571167
original_glcm_SumSquares_L1,-1.7404954504691212,-1.6924736735938122,-1.110704500358797,-1.078998489205358
original_glcm_SumSquares_L2,-1.499788268712574,-1.434075971614179,-1.0265156051819861,-0.920593038020239
original_glcm_SumSquares_L3,-1.7339179472214739,-1.6282317863267406,-1.2076749074004203,-1.089901017821636
original_glcm_SumSquares_L4,-1.6845077168669564,-1.5929099565429063,-1.2052038086103098,-1.0946187274387342
original_glcm_SumSquares_L5,-1.5686495556040172,-1.4972681844026678,-1.1277925838643597,-1.0282223437216607
original_glcm_SumSquares_Complete,-1.663227098222291,-1.5852453933557094,-1.1426173313481318,-1.050546728363664
original_gldm_DependenceEntropy_L1,-0.006743497961411629,-0.005610173732544338,-0.005134618811493472,-0.0033015905746746634
original_gldm_DependenceEntropy_L2,-0.005855975649746509,-0.005131464597719369,-0.004377625325306097,-0.0031485033604474397
original_gldm_DependenceEntropy_L3,-0.005582578603178215,-0.004909664161617488,-0.004202898838749148,-0.002916328815753456
original_gldm_DependenceEntropy_L4,-0.005868138234409289,-0.004977968908987181,-0.004441808100928035,-0.0032341507480113246
original_gldm_DependenceEntropy_L5,-0.006359293918956552,-0.004973859918162361,-0.004438016212521218,-0.003188331606700835
original_gldm_DependenceEntropy_Complete,-0.006184545067879919,-0.005214247710141501,-0.004606521996731616,-0.003184385389139041
original_gldm_DependenceNonUniformity_L1,60.68934484179438,-39.292514760342044,15.134644062120325,-37.998038279292395
original_gldm_DependenceNonUniformity_L2,-15.953426598314081,-74.57336873948331,-15.947446200467944,-47.80288759318214
original_gldm_DependenceNonUniformity_L3,-59.46475050901588,-90.87241808620472,-19.20570363993606,-50.3415595407857
original_gldm_DependenceNonUniformity_L4,-37.91371268506928,-85.8298020574099,-13.359394520199,-43.13951567273953
original_gldm_DependenceNonUniformity_L5,36.94643592468089,-48.33663045863892,-5.8070943017277825,-37.46451767674596
original_gldm_DependenceNonUniformity_Complete,-4.87924103434785,-332.75776966959796,-35.359253618129316,-213.93324375724853
original_gldm_DependenceNonUniformityNormalized_L1,0.00015247583032715058,-9.871846251335875e-05,9.386640739115522e-05,-0.00023566721004795722
original_gldm_DependenceNonUniformityNormalized_L2,-4.174792443106442e-05,-0.00019514825504853884,-0.00010195664199156104,-0.00030561770425398184
original_gldm_DependenceNonUniformityNormalized_L3,-0.00015785411608761315,-0.00024122837665932663,-0.0001262096668918662,-0.0003308179476042778
original_gldm_DependenceNonUniformityNormalized_L4,-0.00010870131049539838,-0.00024608014627054345,-9.448479772688017e-05,-0.0003051057745327848
original_gldm_DependenceNonUniformityNormalized_L5,0.00012871304473055037,-0.0001683939119602812,-4.9842452529226915e-05,-0.00032155900125094164
original_gldm_DependenceNonUniformityNormalized_Complete,-2.7217230262600256e-06,-0.00018561790194449208,-4.8588824359411804e-05,-0.0002939757981834425
original_gldm_DependenceVariance_L1,-0.0028063047405370266,0.005830942734068969,-0.0021638071575586925,0.02755833334376015
original_gldm_DependenceVariance_L2,0.002552158518891218,0.01446140271480072,0.0032450233407749197,0.03135681151455545
original_gldm_DependenceVariance_L3,0.004995737599454496,0.01605189129762707,0.0029956102264262893,0.02826081511226112
original_gldm_DependenceVariance_L4,0.004479777660774581,0.017472633282424373,0.0019069570148937782,0.026477550043846075
original_gldm_DependenceVariance_L5,-0.002539936152991986,0.009075103500946822,0.00019690052081703153,0.026932531039501564
original_gldm_DependenceVariance_Complete,0.001285507561543663,0.012439493190364838,0.0011315278510310508,0.028180060047711397
original_gldm_GrayLevelNonUniformity_L1,46.109876389984585,55.54817084813553,16.84071125555088,24.239139584211987
original_gldm_GrayLevelNonUniformity_L2,50.557408023823946,60.78444335408506,19.809241436188575,28.78170509033721
original_gldm_GrayLevelNonUniformity_L3,46.91693350535033,53.551355323898946,17.15238176286202,24.576120336722024
original_gldm_GrayLevelNonUniformity_L4,43.99100720208264,50.46371500739705,15.582081659499833,22.71465783071178
original_gldm_GrayLevelNonUniformity_L5,32.79285324600673,39.168867146266265,12.77655279849627,19.348791938820202
original_gldm_GrayLevelNonUniformity_Complete,220.91279423306597,259.001759064385,81.98492449060362,118.30223804629225
original_gldm_GrayLevelVariance_L1,-1.6725457496906841,-1.665968101245058,-1.065341566697451,-1.0341995739307275
original_gldm_GrayLevelVariance_L2,-1.4551549070007788,-1.406479575058061,-0.9924209172307522,-0.8838676131531797
original_gldm_GrayLevelVariance_L3,-1.6771360048360389,-1.594526156180861,-1.1579587841635557,-1.0368656822889555
original_gldm_GrayLevelVariance_L4,-1.6197154860949212,-1.5611521763371576,-1.1483731908041723,-1.0384240100518456
original_gldm_GrayLevelVariance_L5,-1.5053323437082395,-1.4651354477227605,-1.0658914035343865,-0.9718710678663544
original_gldm_GrayLevelVariance_Complete,-1.6025497192823068,-1.5540757960809284,-1.093621977644307,-1.0012541551646106
original_gldm_HighGrayLevelEmphasis_L1,-4.411955525518431,-3.472455166245422,0.2374143181423576,-2.5863348135652084
original_gldm_HighGrayLevelEmphasis_L2,1.8809770056288773,-4.062128621410644,12.355979771631686,10.178116121319059
original_gldm_HighGrayLevelEmphasis_L3,-1.2641880294233845,-6.457783104641004,-4.732318512482499,-5.667133887089034
original_gldm_HighGrayLevelEmphasis_L4,0.3363915329655811,-7.151216526944731,23.607090287993653,13.470539740579376
original_gldm_HighGrayLevelEmphasis_L5,-4.022543695239417,-7.449336741625878,24.893320086860236,13.279471757546627
original_gldm_HighGrayLevelEmphasis_Complete,-1.3007670484179443,-7.071709839834033,24.153775579752757,13.68281002138173
original_gldm_LargeDependenceEmphasis_L1,-0.011915779371196833,0.028818343525297323,-0.007642834106527085,0.0828101044431765
original_gldm_LargeDependenceEmphasis_L2,0.0054366365989161015,0.05941199098752548,0.010792895776592926,0.10185251959543262
original_gldm_LargeDependenceEmphasis_L3,0.013114569147905385,0.05986044857143619,0.010475839997897125,0.0900425173979616
original_gldm_LargeDependenceEmphasis_L4,0.010614126632796997,0.0633079693108708,0.007685936969559818,0.08531147448229043
original_gldm_LargeDependenceEmphasis_L5,-0.008822310090752326,0.04252786148513298,0.0033811121887579363,0.08657477104773029
original_gldm_LargeDependenceEmphasis_Complete,0.0019196654437461191,0.050808840058838484,0.004845394682599428,0.08955500986637792
original_gldm_LargeDependenceHighGrayLevelEmphasis_L1,-30.858301744107177,4.786874576032756,12.685021366196219,8.329358952095067
original_gldm_LargeDependenceHighGrayLevelEmphasis_L2,40.24782140959918,-7.490513598526087,153.21179798483504,285.9887871609957
original_gldm_LargeDependenceHighGrayLevelEmphasis_L3,15.149084248500893,-37.658415824500196,-17.560244885755026,-38.41945644102434
original_gldm_LargeDependenceHighGrayLevelEmphasis_L4,29.075030706331656,-36.493340682592276,242.09310243861026,360.6661057556296
original_gldm_LargeDependenceHighGrayLevelEmphasis_L5,-22.26040058179031,-45.490622916267434,260.3226442592417,362.1141612665114
original_gldm_LargeDependenceHighGrayLevelEmphasis_Complete,9.658607733684866,-38.15924438961718,259.2149073687276,381.58409069922106
original_gldm_LargeDependenceLowGrayLevelEmphasis_L1,-3.4070765883973453e-05,-0.0001277920994083139,-9.904151988218007e-05,0.00024427869912799276
original_gldm_LargeDependenceLowGrayLevelEmphasis_L2,-8.143663932973348e-05,0.00019377393418071797,-0.00019104553149040782,-0.0014167807327067745
original_gldm_LargeDependenceLowGrayLevelEmphasis_L3,-1.7753814867940032e-05,0.0006021329041711101,5.746643817782255e-05,0.0019764831635304793
original_gldm_LargeDependenceLowGrayLevelEmphasis_L4,-4.0194778371109485e-05,0.0003662504485210646,-0.00025360380775064483,-0.000116053550959435
original_gldm_LargeDependenceLowGrayLevelEmphasis_L5,-3.423601301263498e-05,0.00023908543503746053,-0.00026461385838523347,-0.00022382951106178248
original_gldm_LargeDependenceLowGrayLevelEmphasis_Complete,-3.232170884703451e-05,0.00023316002854824062,-0.00022498691014361495,-0.0003783267407898292
original_gldm_LowGrayLevelEmphasis_L1,-3.2183838688799763e-07,-3.619943350609996e-06,-3.9781223626645e-06,-2.329135200080998e-06
original_gldm_LowGrayLevelEmphasis_L2,-6.6757712662090006e-06,2.241447826623501e-06,-1.5066916587762994e-05,-5.412583523083196e-05
original_gldm_LowGrayLevelEmphasis_L3,-2.995669529039e-06,1.4872866902466505e-05,4.396192863064002e-06,5.215602827698151e-05
original_gldm_LowGrayLevelEmphasis_L4,-4.153169929948498e-06,8.878617470208504e-06,-2.1288453927807987e-05,-1.011178695923397e-05
original_gldm_LowGrayLevelEmphasis_L5,-4.986101841294962e-07,7.1522151767470025e-06,-2.0770315039977493e-05,-1.2211998908249976e-05
original_gldm_LowGrayLevelEmphasis_Complete,-2.2158849235874964e-06,6.1667514166780015e-06,-1.7395583037016997e-05,-1.7327629239117478e-05
original_gldm_SmallDependenceEmphasis_L1,0.0003087844807028608,-0.00027101355781142695,9.276169818711466e-05,-0.00044635220917361773
original_gldm_SmallDependenceEmphasis_L2,-3.3215276046445915e-05,-0.0004527359248266629,-0.00023603445684483254,-0.0006053359656360716
original_gldm_SmallDependenceEmphasis_L3,-0.00021825952457903635,-0.0005279832471008351,-0.0002987724681421045,-0.0006904624912688596
original_gldm_SmallDependenceEmphasis_L4,-0.00012122129603969829,-0.0005403697487913293,-0.0002747417921423817,-0.000725061199963018
original_gldm_SmallDependenceEmphasis_L5,0.00017672558133620048,-0.0004608687570859079,-0.00018554704299950136,-0.0006628691346153354
original_gldm_SmallDependenceEmphasis_Complete,2.064190632132278e-05,-0.0004463219087931122,-0.0001753370537601189,-0.0006190691706364826
original_gldm_SmallDependenceHighGrayLevelEmphasis_L1,-1.9012046540617742,-1.9188576539111488,-0.3216672460097618,-1.4896571771138056
original_gldm_SmallDependenceHighGrayLevelEmphasis_L2,0.08156275417204091,-2.0398396947178985,3.7807176695988347,1.6575871287650552
original_gldm_SmallDependenceHighGrayLevelEmphasis_L3,-1.2803384391081007,-2.9021791641513355,-2.835405197807845,-2.601927533882562
original_gldm_SmallDependenceHighGrayLevelEmphasis_L4,-0.522642919857367,-3.2431966334872047,8.50804802635274,2.2046552942827793
original_gldm_SmallDependenceHighGrayLevelEmphasis_L5,-2.0430669597104547,-3.4158155688390908,8.892663697435456,2.1309890639655973
original_gldm_SmallDependenceHighGrayLevelEmphasis_Complete,-1.0965846553897978,-3.168908380003402,8.49524382919139,2.22038884032628
original_gldm_SmallDependenceLowGrayLevelEmphasis_L1,5.423727322770001e-07,-2.798805915564996e-07,-4.314654646904996e-07,-6.475895917320006e-07
original_gldm_SmallDependenceLowGrayLevelEmphasis_L2,-2.044633042374e-06,9.545096521400062e-08,-4.690248892798495e-06,-8.873118983412498e-06
original_gldm_SmallDependenceLowGrayLevelEmphasis_L3,-1.2424604241499996e-06,1.8077604877800022e-06,1.3583644308020006e-06,7.978547626001e-06
original_gldm_SmallDependenceLowGrayLevelEmphasis_L4,-1.4187060486399988e-06,1.0345478810445016e-06,-7.290213274112493e-06,-2.289986165481494e-06
original_gldm_SmallDependenceLowGrayLevelEmphasis_L5,4.0328550176950137e-07,1.0723409330300017e-06,-6.842288796505496e-06,-2.473350958959998e-06
original_gldm_SmallDependenceLowGrayLevelEmphasis_Complete,-5.145600128359998e-07,8.063295535805e-07,-5.526860973493497e-06,-3.237215556724996e-06
original_glrlm_GrayLevelNonUniformity_L1,42.21867401412515,45.40639784696854,15.21439147195596,18.083902789350358
original_glrlm_GrayLevelNonUniformity_L2,45.07083043271037,47.418589596781075,17.359952540468587,20.734711806707534
original_glrlm_GrayLevelNonUniformity_L3,41.96072351759948,43.167118768596005,15.269728852338359,18.427586725323746
original_glrlm_GrayLevelNonUniformity_L4,39.3068535327881,40.48654591630308,13.935014041808142,17.215480603948325
original_glrlm_GrayLevelNonUniformity_L5,30.28431173241311,31.77224532475978,11.494682377129438,14.46433253748971
original_glrlm_GrayLevelNonUniformity_Complete,199.2069734494085,207.80618654786136,73.1394476617479,88.16580781299774
original_glrlm_GrayLevelNonUniformityNormalized_L1,0.00011175736536653803,0.00013248314325235106,0.00010044131559271456,0.0001375098658184391
original_glrlm_GrayLevelNonUniformityNormalized_L2,0.00012680338095078303,0.00014797707121823404,0.00012126242205445255,0.0001647119769496435
original_glrlm_GrayLevelNonUniformityNormalized_L3,0.00012018641789355051,0.00013541657544006002,0.0001090137278813296,0.00014800535933037802
original_glrlm_GrayLevelNonUniformityNormalized_L4,0.0001212460561867895,0.00013735623250409255,0.00010668557269771251,0.00014784972479287557
original_glrlm_GrayLevelNonUniformityNormalized_L5,0.00011135063315404606,0.00012959730061348702,0.00010644517788189408,0.00015093331356840801
original_glrlm_GrayLevelNonUniformityNormalized_Complete,0.00011875577569986207,0.00013656766129275312,0.00010869082469249662,0.000148431543997202
original_glrlm_GrayLevelVariance_L1,-1.691672684401888,-1.7250209650341173,-1.0879613196820184,-1.0666990397985423
original_glrlm_GrayLevelVariance_L2,-1.4760014415455687,-1.4492403755879044,-1.0141667999278479,-0.9060020797541991
original_glrlm_GrayLevelVariance_L3,-1.690622422206322,-1.6352972559820442,-1.1764313638462167,-1.0541140785092011
original_glrlm_GrayLevelVariance_L4,-1.627779776283905,-1.5970823347986802,-1.1646930384049257,-1.0609566354073066
original_glrlm_GrayLevelVariance_L5,-1.520563758771332,-1.5044446097149426,-1.084622626886124,-0.9910941635809513
original_glrlm_GrayLevelVariance_Complete,-1.6174174054608081,-1.5973626875607736,-1.113336546898559,-1.0243463644399868
original_glrlm_HighGrayLevelRunEmphasis_L1,-4.603212973268892,-3.740759909154032,0.1159424682160381,-2.7114584603501446
original_glrlm_HighGrayLevelRunEmphasis_L2,1.784911839995969,-4.263121538638392,12.336868426143722,10.308099024553638
original_glrlm_HighGrayLevelRunEmphasis_L3,-1.3317290395198678,-6.68235183655634,-4.8558205105829195,-5.8338209284880005
original_glrlm_HighGrayLevelRunEmphasis_L4,0.2774562995657741,-7.382318383881701,23.634969205937516,13.555773781794338
original_glrlm_HighGrayLevelRunEmphasis_L5,-4.191843176145932,-7.744002369602041,24.91138965500156,13.377553000374455
original_glrlm_HighGrayLevelRunEmphasis_Complete,-1.4244123931700752,-7.347513286879239,24.173802553013278,13.791364555745924
original_glrlm_LongRunEmphasis_L1,-0.00024144146416346475,0.0005360231180289289,-0.00014170934440417256,0.00135278904296517
original_glrlm_LongRunEmphasis_L2,0.00010062615395046216,0.0010355423558701064,0.00022555715786105437,0.0017198137658375882
original_glrlm_LongRunEmphasis_L3,0.0002522616637089946,0.0010272882194494889,0.00021610709856533438,0.0015389358719700512
original_glrlm_LongRunEmphasis_L4,0.00019803433772130178,0.0010937882902612701,0.00017126063773087005,0.0014698048919796387
original_glrlm_LongRunEmphasis_L5,-0.00017064784055018372,0.000756683157117061,8.82570851539748e-05,0.0014688946080542381
original_glrlm_LongRunEmphasis_Complete,3.294192556297336e-05,0.0008909451579131587,0.00011016508501736133,0.0015125094768952772
original_glrlm_LongRunHighGrayLevelEmphasis_L1,-5.360821442322578,-3.811954165875699,0.38862051570122663,-2.6699371504625398
original_glrlm_LongRunHighGrayLevelEmphasis_L2,2.6542257287720203,-4.570918690307084,15.759325997320179,15.997881009304765
original_glrlm_LongRunHighGrayLevelEmphasis_L3,-1.039092141886516,-7.666419031605178,-5.284047131090145,-6.750617121632588
original_glrlm_LongRunHighGrayLevelEmphasis_L4,0.870396604247022,-8.373677311723362,29.092364652650065,20.721785961324827
original_glrlm_LongRunHighGrayLevelEmphasis_L5,-4.74080634405118,-8.902837233045785,30.76142825503224,20.551288493616475
original_glrlm_LongRunHighGrayLevelEmphasis_Complete,-1.2609677521976945,-8.373257419646125,29.989611163706783,21.33695162692838
original_glrlm_LongRunLowGrayLevelEmphasis_L1,-8.789858862319946e-07,-5.340112867532984e-06,-5.744029845089503e-06,1.3390531465320082e-06
original_glrlm_LongRunLowGrayLevelEmphasis_L2,-8.347469022603492e-06,5.723739289881503e-06,-1.9022681142880992e-05,-7.973292910781296e-05
original_glrlm_LongRunLowGrayLevelEmphasis_L3,-3.3955002024879948e-06,2.5302318216532e-05,5.693164908125501e-06,8.624774902705599e-05
original_glrlm_LongRunLowGrayLevelEmphasis_L4,-4.996857441099994e-06,1.527863557133801e-05,-2.6505061481665487e-05,-1.2630678788840966e-05
original_glrlm_LongRunLowGrayLevelEmphasis_L5,-1.0570537026914997e-06,1.1534827177429503e-05,-2.6163111837970495e-05,-1.6471759042254972e-05
original_glrlm_LongRunLowGrayLevelEmphasis_Complete,-2.8370800874319963e-06,1.0422768530337007e-05,-2.1995727861386992e-05,-2.4345808885277974e-05
original_glrlm_LowGrayLevelRunEmphasis_L1,-2.2148655152700012e-07,-3.1550169760099984e-06,-3.7512780264855063e-06,-2.0824811634900017e-06
original_glrlm_LowGrayLevelRunEmphasis_L2,-6.555989962927998e-06,2.329327902711502e-06,-1.4853607094150994e-05,-5.206473666996148e-05
original_glrlm_LowGrayLevelRunEmphasis_L3,-2.951982403631498e-06,1.4345126396889505e-05,4.435465576043502e-06,5.0292574459859516e-05
original_glrlm_LowGrayLevelRunEmphasis_L4,-4.082988478094994e-06,8.598401377506504e-06,-2.0997241918315484e-05,-9.816480511437469e-06
original_glrlm_LowGrayLevelRunEmphasis_L5,-3.938240406449977e-07,7.022929841513504e-06,-2.0465219155767486e-05,-1.1778540889357478e-05
original_glrlm_LowGrayLevelRunEmphasis_Complete,-2.1417479889899996e-06,6.060465506873003e-06,-1.713727766098849e-05,-1.670562312635348e-05
original_glrlm_RunEntropy_L1,-0.006085472074884668,-0.006392754911696681,-0.004766675727449358,-0.004889374661663062
original_glrlm_RunEntropy_L2,-0.0059770110644621595,-0.006100320867649,-0.004886721106660249,-0.004870446993094992
original_glrlm_RunEntropy_L3,-0.006137416640247607,-0.006170261261564702,-0.004884002850781733,-0.004897006401446729
original_glrlm_RunEntropy_L4,-0.006136852495811434,-0.006210852300332708,-0.00485245342026911,-0.005036734199363433
original_glrlm_RunEntropy_L5,-0.005854694499038115,-0.0059181820552951965,-0.004741101356784378,-0.0049322404548321555
original_glrlm_RunEntropy_Complete,-0.006093825309160084,-0.006218279741561101,-0.0048582934588520515,-0.004948979008766761
original_glrlm_RunLengthNonUniformity_L1,64.49475106153069,-96.32369733691658,14.932241351715268,-85.92034102429872
original_glrlm_RunLengthNonUniformity_L2,-15.906932348194788,-177.18500898132572,-18.14298075196658,-106.81960692871225
original_glrlm_RunLengthNonUniformity_L3,-53.96247969091892,-188.6203879180497,-19.962508367469095,-100.70123244874611
original_glrlm_RunLengthNonUniformity_L4,-35.40019358282832,-177.94558465046845,-13.920529565945886,-88.74522581557548
original_glrlm_RunLengthNonUniformity_L5,33.087345682560375,-110.14872624453304,-6.276749598994935,-74.36922194192162
original_glrlm_RunLengthNonUniformity_Complete,-7.066419800470707,-750.1946299104999,-43.106683197269014,-456.45027441888453
original_glrlm_RunLengthNonUniformityNormalized_L1,0.00011183358036902924,-0.00017696492597279006,6.455031508149902e-05,-0.00037285497289840923
original_glrlm_RunLengthNonUniformityNormalized_L2,-2.806131045609647e-05,-0.00033523128374621653,-7.850346890470057e-05,-0.0004783447005320782
original_glrlm_RunLengthNonUniformityNormalized_L3,-9.701617935499904e-05,-0.0003583077667182265,-9.058525663787278e-05,-0.00046159372090703426
original_glrlm_RunLengthNonUniformityNormalized_L4,-6.735585492889724e-05,-0.0003617950463393558,-6.734559805054797e-05,-0.00043865773091443115
original_glrlm_RunLengthNonUniformityNormalized_L5,7.92847336816587e-05,-0.0002789799467928131,-3.719448629893845e-05,-0.0004444451749736715
original_glrlm_RunLengthNonUniformityNormalized_Complete,-1.9863716027206915e-06,-0.0003013580006074219,-4.049813325094735e-05,-0.0004382743340964309
original_glrlm_RunPercentage_L1,6.405263823121038e-05,-0.00011075039937475538,3.674976193521203e-05,-0.0002616899833402314
original_glrlm_RunPercentage_L2,-2.0358184066488153e-05,-0.00021441263211884217,-5.13504103016532e-05,-0.0003332428436958676
original_glrlm_RunPercentage_L3,-6.085427339876617e-05,-0.000223976357058567,-5.39896645973273e-05,-0.0003128473715897232
original_glrlm_RunPercentage_L4,-4.519937612532633e-05,-0.00023291534377064597,-4.1523946518572046e-05,-0.0002970356281717567
original_glrlm_RunPercentage_L5,4.559590629719489e-05,-0.00016849006521357253,-2.2180524845553795e-05,-0.0003009044530729538
original_glrlm_RunPercentage_Complete,-4.390233415895551e-06,-0.0001897959072460426,-2.5757334881395103e-05,-0.0003009710359337397
original_glrlm_RunVariance_L1,-8.695474550457303e-05,0.00020213993247811943,-5.1138985649630115e-05,0.0005656666968559918
original_glrlm_RunVariance_L2,4.409728276077707e-05,0.0003956469749940667,9.217810478794107e-05,0.0007195493672893372
original_glrlm_RunVariance_L3,0.00010015918411602614,0.0003893901157001952,8.099334851539372e-05,0.0006326687514434788
original_glrlm_RunVariance_L4,8.375915677064647e-05,0.00042737987519087916,6.643969107100265e-05,0.0006059816029937729
original_glrlm_RunVariance_L5,-6.122351477770564e-05,0.00027308230496648854,3.280848195020657e-05,0.000604014705381044
original_glrlm_RunVariance_Complete,1.767231808315107e-05,0.00033809716552106163,4.357865310857254e-05,0.0006271212072019145
original_glrlm_ShortRunEmphasis_L1,4.813327656016293e-05,-8.668848706844385e-05,2.8025377678209287e-05,-0.00018422623418378186
original_glrlm_ShortRunEmphasis_L2,-1.3586533465860702e-05,-0.00016388744515317147,-3.5648425365994226e-05,-0.00023557885433166966
original_glrlm_ShortRunEmphasis_L3,-4.305508829036908e-05,-0.0001705155656101057,-4.004008255244306e-05,-0.00022254688810796782
original_glrlm_ShortRunEmphasis_L4,-3.0360473828576914e-05,-0.00017302979467265602,-2.9978987512636327e-05,-0.00021175811713693957
original_glrlm_ShortRunEmphasis_L5,3.408645978713386e-05,-0.0001330391478497737,-1.6434829490087934e-05,-0.0002136901358099437
original_glrlm_ShortRunEmphasis_Complete,-1.8738239489383221e-06,-0.00014525913871001387,-1.8371834197378164e-05,-0.0002133806451697549
original_glrlm_ShortRunHighGrayLevelEmphasis_L1,-4.431118777076208,-3.701433518841003,0.061398980814206264,-2.6899864893073087
original_glrlm_ShortRunHighGrayLevelEmphasis_L2,1.6083507006379247,-4.176807033371458,11.622848289845898,9.273195557069544
original_glrlm_ShortRunHighGrayLevelEmphasis_L3,-1.382555612403791,-6.466927319420261,-4.753915783899665,-5.62776175262122
original_glrlm_ShortRunHighGrayLevelEmphasis_L4,0.16504829561094228,-7.153505170083088,22.4617561906111,12.237955552235936
original_glrlm_ShortRunHighGrayLevelEmphasis_L5,-4.0658684317242155,-7.494650865269632,23.652683286537968,12.0618156606523
original_glrlm_ShortRunHighGrayLevelEmphasis_Complete,-1.4477040991240575,-7.114866639456812,22.931174653667767,12.41444443898786
original_glrlm_ShortRunLowGrayLevelEmphasis_L1,-9.495344518399963e-08,-2.733703385502503e-06,-3.3529580060885012e-06,-2.3397183469144954e-06
original_glrlm_ShortRunLowGrayLevelEmphasis_L2,-6.1691896020494976e-06,1.8068916921925043e-06,-1.396949187451349e-05,-4.6738918739839495e-05
original_glrlm_ShortRunLowGrayLevelEmphasis_L3,-2.840690188782501e-06,1.2427724989715002e-05,4.177956672615001e-06,4.41496825585175e-05
original_glrlm_ShortRunLowGrayLevelEmphasis_L4,-3.874868980025495e-06,7.445774038656007e-06,-1.9822476504221996e-05,-9.144025899194472e-06
original_glrlm_ShortRunLowGrayLevelEmphasis_L5,-2.6262470856349977e-07,6.196611644704503e-06,-1.9261786977571496e-05,-1.0807486665335977e-05
original_glrlm_ShortRunLowGrayLevelEmphasis_Complete,-1.9913358187195003e-06,5.291160485670002e-06,-1.6113356743961496e-05,-1.5178058742825484e-05
original_glszm_GrayLevelNonUniformity_L1,15.377213042019132,6.294818377346919,4.661046814605353,0.9788018240836155
original_glszm_GrayLevelNonUniformity_L2,12.64620084383728,4.502618796634106,3.6721367734657333,0.3325340563783603
original_glszm_GrayLevelNonUniformity_L3,11.994215667915281,5.232650566350376,3.6279593597222943,0.37776357963824664
original_glszm_GrayLevelNonUniformity_L4,11.13354874423455,4.57224606610238,3.3578035175507197,0.33999095776696797
original_glszm_GrayLevelNonUniformity_L5,11.06319419768182,3.937455789848803,2.9030330106052347,0.3107601102011478
original_glszm_GrayLevelNonUniformity_Complete,62.02673804231582,24.288711530427694,18.19509821303846,2.32598281144456
original_glszm_GrayLevelNonUniformityNormalized_L1,7.551408515386703e-05,0.00010077844796192002,6.727550830011154e-05,7.425195322104113e-05
original_glszm_GrayLevelNonUniformityNormalized_L2,8.195887161605458e-05,0.00010703372979664655,7.647971740616706e-05,8.409575066844156e-05
original_glszm_GrayLevelNonUniformityNormalized_L3,8.426800303295003e-05,0.00010981496594125758,7.432163902510149e-05,8.338433281378005e-05
original_glszm_GrayLevelNonUniformityNormalized_L4,7.982679285962803e-05,0.00010872152991593155,7.164129555814201e-05,8.48082175254651e-05
original_glszm_GrayLevelNonUniformityNormalized_L5,7.898740980335059e-05,0.00010477289722662154,7.076028908959003e-05,8.38037898944976e-05
original_glszm_GrayLevelNonUniformityNormalized_Complete,8.013527600095662e-05,0.0001057714495849805,7.215327225034301e-05,8.166614387356851e-05
original_glszm_GrayLevelVariance_L1,-1.8502050752341863,-2.165720372429498,-1.268969476128963,-1.239803693457863
original_glszm_GrayLevelVariance_L2,-1.6923411414005538,-1.7542358311201536,-1.2299660801789414,-1.061729336534738
original_glszm_GrayLevelVariance_L3,-1.84067992060497,-1.893991625133997,-1.3303464927169335,-1.1376895724503011
original_glszm_GrayLevelVariance_L4,-1.694713842656665,-1.819766296266977,-1.2741971632428308,-1.1438732583505136
original_glszm_GrayLevelVariance_L5,-1.6126076442257335,-1.7430834531762414,-1.2124067066438642,-1.07684120852437
original_glszm_GrayLevelVariance_Complete,-1.7503320808168634,-1.882836075969886,-1.2720047014915896,-1.1375083585813108
original_glszm_HighGrayLevelZoneEmphasis_L1,-7.333050905905617,-7.876937934217983,-1.6882597312115935,-5.03390041890225
original_glszm_HighGrayLevelZoneEmphasis_L2,0.18307291957440988,-7.576661895905577,11.8866450225021,10.863834675979117
original_glszm_HighGrayLevelZoneEmphasis_L3,-2.5397764272966046,-10.032279137397245,-6.6015321317484394,-8.315338989838748
original_glszm_HighGrayLevelZoneEmphasis_L4,-0.7917217377360374,-10.878034154508434,23.921502861364488,13.784861480752156
original_glszm_HighGrayLevelZoneEmphasis_L5,-6.560006775706611,-11.89894948373834,25.053067500203262,13.525816263229844
original_glszm_HighGrayLevelZoneEmphasis_Complete,-3.3002660602483447,-11.481644261470992,24.291440512294898,14.018374210116496
original_glszm_LargeAreaEmphasis_L1,4.452155590261383,75.8322165126859,3.0016523402917206,43.79938585031847
original_glszm_LargeAreaEmphasis_L2,18.17374509882802,136.39109330505764,10.011856198455723,66.97376276773008
original_glszm_LargeAreaEmphasis_L3,10.143839500115103,91.64582368559468,5.724169595565425,46.47797857789658
original_glszm_LargeAreaEmphasis_L4,14.442004449608108,80.67461629263573,3.5885660186935753,47.351963319341635
original_glszm_LargeAreaEmphasis_L5,5.720335574799675,78.23500153534253,4.996332792673012,42.93184424122011
original_glszm_LargeAreaEmphasis_Complete,10.805264175520701,104.54219295257687,5.528446839496449,64.75578043916256
original_glszm_LargeAreaHighGrayLevelEmphasis_L1,3902.345950949333,30907.42890232535,2913.814744390124,9615.776845913957
original_glszm_LargeAreaHighGrayLevelEmphasis_L2,16361.408837336914,37211.67180481716,21039.740012473616,86110.62472738985
original_glszm_LargeAreaHighGrayLevelEmphasis_L3,6931.039817697313,13454.035451424908,1980.407979123935,835.4310641159419
original_glszm_LargeAreaHighGrayLevelEmphasis_L4,13862.547991580308,17773.130343776356,17379.37680779219,90252.97026753775
original_glszm_LargeAreaHighGrayLevelEmphasis_L5,4256.107071515112,22381.49644832146,23866.3443997652,89896.2284256002
original_glszm_LargeAreaHighGrayLevelEmphasis_Complete,10492.321810561545,35087.26722987248,23191.86636479069,121717.80788059632
original_glszm_LargeAreaLowGrayLevelEmphasis_L1,0.004064171996057902,0.17300634886165384,0.0009023668432742305,0.20552545576607098
original_glszm_LargeAreaLowGrayLevelEmphasis_L2,0.018200989527858112,0.5130835366080398,-0.008213286379483983,-0.2292055928076719
original_glszm_LargeAreaLowGrayLevelEmphasis_L3,0.014933231177425973,0.580340017349365,0.01610253906987548,0.6314770776331171
original_glszm_LargeAreaLowGrayLevelEmphasis_L4,0.014230588208815799,0.33299709288526513,-0.01600627772890782,0.03396579299633479
original_glszm_LargeAreaLowGrayLevelEmphasis_L5,0.007057116463324622,0.25097010939164255,-0.017651456684712685,-0.009649724074216503
original_glszm_LargeAreaLowGrayLevelEmphasis_Complete,0.010619478578395661,0.30273191816376277,-0.01325872008137238,-0.02390888224506954
original_glszm_LowGrayLevelZoneEmphasis_L1,9.42263061330004e-07,1.0573238813920047e-06,-1.0331854571804993e-06,3.211105087066505e-06
original_glszm_LowGrayLevelZoneEmphasis_L2,-5.1263428663720006e-06,4.2596420506570025e-06,-1.2127214883571995e-05,-3.083383490418199e-05
original_glszm_LowGrayLevelZoneEmphasis_L3,-2.358083762280501e-06,1.1006114383695504e-05,5.0326212610495055e-06,3.89831574806865e-05
original_glszm_LowGrayLevelZoneEmphasis_L4,-3.207040456116495e-06,6.897466966171005e-06,-1.766524285373899e-05,-5.3881474814494805e-06
original_glszm_LowGrayLevelZoneEmphasis_L5,8.356808841725015e-07,6.157528868746503e-06,-1.698559461841049e-05,-6.647536749089488e-06
original_glszm_LowGrayLevelZoneEmphasis_Complete,-1.2348745330779995e-06,5.407723937831001e-06,-1.408845455245899e-05,-9.797950285611988e-06
original_glszm_SizeZoneNonUniformity_L1,95.82984474245457,-65.86174907035193,5.296708101017333,-44.03672776059812
original_glszm_SizeZoneNonUniformity_L2,-4.927539841312795,-100.74730658998631,-30.886917942368793,-57.341198573917346
original_glszm_SizeZoneNonUniformity_L3,-56.45387552022045,-120.58292248514208,-40.07599642351863,-68.02293769920355
original_glszm_SizeZoneNonUniformity_L4,-22.275170596899535,-114.00269540939661,-36.38149536702125,-69.79278729682648
original_glszm_SizeZoneNonUniformity_L5,33.130593007419776,-83.91167516272279,-20.894590645700745,-48.69379786753407
original_glszm_SizeZoneNonUniformity_Complete,46.59454873528622,-484.16953766235986,-122.3964701136921,-286.5162425480116
original_glszm_SizeZoneNonUniformityNormalized_L1,0.00019149046245664107,-0.000212389834063728,-6.595402229061773e-05,-0.0003391047729548284
original_glszm_SizeZoneNonUniformityNormalized_L2,1.151739935522529e-06,-0.00031654346151168767,-0.00018871613278259266,-0.00040026596163899214
original_glszm_SizeZoneNonUniformityNormalized_L3,-7.065761811279638e-05,-0.00031338203313813516,-0.0002467830539170394,-0.00047704753073480634
original_glszm_SizeZoneNonUniformityNormalized_L4,1.549530170888563e-05,-0.0003071531574784142,-0.00027625759863866514,-0.0005617732470954161
original_glszm_SizeZoneNonUniformityNormalized_L5,2.3026185433359077e-05,-0.0003392316719922144,-0.000208819914059138,-0.0003872009790379054
original_glszm_SizeZoneNonUniformityNormalized_Complete,3.098066060652448e-05,-0.00029768024144475165,-0.00019812304974924398,-0.0004346027319020926
original_glszm_SmallAreaEmphasis_L1,0.00015030026138586463,-0.00019461092041528696,-5.127599267851368e-05,-0.0003011757858184112
original_glszm_SmallAreaEmphasis_L2,3.698267496009562e-07,-0.0002868567701202884,-0.0001454264255885599,-0.0003478516669615916
original_glszm_SmallAreaEmphasis_L3,-5.526665608253994e-05,-0.000275385984518034,-0.00018710292132054535,-0.00041195844982576743
original_glszm_SmallAreaEmphasis_L4,1.0387745849479289e-05,-0.0002693329735816495,-0.00020997815304648422,-0.0004813265374180918
original_glszm_SmallAreaEmphasis_L5,1.6085649374720984e-05,-0.00030194916859192425,-0.00015854239032707276,-0.0003328397436765343
original_glszm_SmallAreaEmphasis_Complete,2.3203261227251027e-05,-0.00026578992981772726,-0.00015166491106045064,-0.00037746337285666484
original_glszm_SmallAreaHighGrayLevelEmphasis_L1,-5.068569137428934,-5.73474987316573,-1.4200000280784972,-3.8698723218090207
original_glszm_SmallAreaHighGrayLevelEmphasis_L2,-0.15342657822450978,-5.545112394913422,7.879283844068375,6.331091596792508
original_glszm_SmallAreaHighGrayLevelEmphasis_L3,-2.081029621132327,-7.135542981631281,-5.218241938035779,-6.0871603593941455
original_glszm_SmallAreaHighGrayLevelEmphasis_L4,-0.7541606182110334,-7.750406775655742,16.504653004241444,7.9924627523673815
original_glszm_SmallAreaHighGrayLevelEmphasis_L5,-4.8061353624680505,-8.67774255456785,17.27661716427236,7.798852154021471
original_glszm_SmallAreaHighGrayLevelEmphasis_Complete,-2.5188505651724538,-8.21436529693613,16.734527125576353,8.155214789056018
original_glszm_SmallAreaLowGrayLevelEmphasis_L1,8.617259620475019e-07,7.26077057249003e-07,-6.874537614205006e-07,1.6237720216475013e-06
original_glszm_SmallAreaLowGrayLevelEmphasis_L2,-3.571395949723995e-06,2.6780619164635004e-06,-8.395596350576497e-06,-1.8825300058476492e-05
original_glszm_SmallAreaLowGrayLevelEmphasis_L3,-1.7273765543769992e-06,6.806281305219499e-06,3.3087135796505e-06,2.39792558292505e-05
original_glszm_SmallAreaLowGrayLevelEmphasis_L4,-2.2155606732449966e-06,4.150746477412002e-06,-1.2711059055117497e-05,-3.3387655453709873e-06
original_glszm_SmallAreaLowGrayLevelEmphasis_L5,6.230441228980017e-07,3.903026833399e-06,-1.2218013572580989e-05,-3.962318079758991e-06
original_glszm_SmallAreaLowGrayLevelEmphasis_Complete,-7.87126095404499e-07,3.2831285212790016e-06,-9.933205469785493e-06,-6.175340461166992e-06
original_glszm_ZoneEntropy_L1,-0.006408130977315104,-0.006025798322548628,-0.0044401701606265,-0.003770048519680838
original_glszm_ZoneEntropy_L2,-0.005814734567662745,-0.005163959640014557,-0.004191136232725602,-0.0033531958472697303
original_glszm_ZoneEntropy_L3,-0.0057464659209783475,-0.005546744678316403,-0.004007288538426476,-0.0032316701933773058
original_glszm_ZoneEntropy_L4,-0.005829428348539105,-0.005429832584779545,-0.0036706047759340185,-0.0031056091299817286
original_glszm_ZoneEntropy_L5,-0.005609614467924047,-0.0049738360900391885,-0.0038257504028243413,-0.003143477755596628
original_glszm_ZoneEntropy_Complete,-0.00592799545904306,-0.005431009577895716,-0.004070679169103453,-0.0032849681550233332
original_glszm_ZonePercentage_L1,0.0003706290543833814,-0.00032012984076417117,0.00012785606192165463,-0.0004886315711131509
original_glszm_ZonePercentage_L2,-3.111449558665994e-05,-0.0005263818996851901,-0.00026839029754369815,-0.0006947587811832699
original_glszm_ZonePercentage_L3,-0.0002626709883277978,-0.0006353478963756959,-0.00033866060339218947,-0.0008029019602689024
original_glszm_ZonePercentage_L4,-0.00015637005860293343,-0.0006544376526715369,-0.0002976830372298286,-0.0008409245218965702
original_glszm_ZonePercentage_L5,0.00023235032834572952,-0.0005508892333954612,-0.00019728089675475675,-0.0007899389746714827
original_glszm_ZonePercentage_Complete,2.7324660024556627e-05,-0.0005323162844040532,-0.00018900709609687052,-0.0007140962782593384
original_glszm_ZoneVariance_L1,4.46340598005941,75.77717206747255,3.0060440496687275,43.73226557134901
original_glszm_ZoneVariance_L2,18.17276638699334,136.30058127170977,10.00309354059015,66.87906275269158
original_glszm_ZoneVariance_L3,10.137764003213388,91.57273254730895,5.7155268659969325,46.40147522969583
original_glszm_ZoneVariance_L4,14.438189956574746,80.59877811541702,3.580930265303567,47.27475585097062
original_glszm_ZoneVariance_L5,5.726339618698497,78.16787072696596,4.990854337424429,42.857982049325805
original_glszm_ZoneVariance_Complete,10.805871675465221,104.46810088049314,5.52286059506944,64.67653253471411
original_ngtdm_Busyness_L1,0.0608715567502807,0.07140764615633642,0.03918945262625507,0.05296880321236083
original_ngtdm_Busyness_L2,0.04255886725182538,0.07803279442956593,-0.004738688256284343,-0.017101527001538733
original_ngtdm_Busyness_L3,0.0538409551200399,0.12343664461538151,0.055738881112308576,0.1015858880838065
original_ngtdm_Busyness_L4,0.041694529088606935,0.08362552161291749,-0.024522988816542548,0.0006288221585289795
original_ngtdm_Busyness_L5,0.04147382593241556,0.05427147947077589,-0.018392819269820636,-0.0024076794915596756
original_ngtdm_Busyness_Complete,0.18863209491904484,0.3217350276476952,-0.10717384674053343,-0.055955158840293485
original_ngtdm_Coarseness_L1,-1.4154664753094244e-07,-2.4213111745528284e-07,-2.0439739222954473e-07,-2.779730974341375e-07
original_ngtdm_Coarseness_L2,-1.1214058858873446e-07,-1.9597739991616415e-07,-1.516147955974916e-07,-2.3040796932797685e-07
original_ngtdm_Coarseness_L3,-9.944863631087469e-08,-1.6523405519965577e-07,-1.345993222129505e-07,-1.7068225016670432e-07
original_ngtdm_Coarseness_L4,-1.1630124269619797e-07,-1.8588873668476825e-07,-1.4466410065870157e-07,-1.866631924757252e-07
original_ngtdm_Coarseness_L5,-1.7639351068181148e-07,-2.4536329318349217e-07,-2.1554794932803079e-07,-2.830887846494996e-07
original_ngtdm_Coarseness_Complete,-2.5308100506135584e-08,-4.133522330785056e-08,-3.377895374295306e-08,-4.568758876566679e-08
original_ngtdm_Complexity_L1,-115.43680089174984,-74.9119196772037,-109.2327138842209,-67.84624895905799
original_ngtdm_Complexity_L2,-156.70721578145233,-83.2427684084505,-103.05805168917693,-62.637405129509276
original_ngtdm_Complexity_L3,-185.58422969299207,-109.81326217053513,-154.56785190913808,-83.31058816826723
original_ngtdm_Complexity_L4,-184.27462694794218,-120.07748807070932,-81.35076323403501,-68.78438692231657
original_ngtdm_Complexity_L5,-92.36736453788524,-93.06640894038404,-77.02439491110408,-53.700932551013025
original_ngtdm_Complexity_Complete,-146.21521327539992,-110.3235441431783,-64.55815122740428,-41.610270668417066
original_ngtdm_Contrast_L1,-0.0001319727004825735,-6.0610828851681284e-05,0.00010322795786503522,-5.8332598679730495e-05
original_ngtdm_Contrast_L2,-0.0002001898936912424,-0.00012560163349410034,-0.00040818685920109005,-0.0003262034502733132
original_ngtdm_Contrast_L3,-0.00025657149508797743,-1.85220260808454e-05,-8.897387612055684e-05,-0.0001243825566772612
original_ngtdm_Contrast_L4,-0.00020342544016635754,-1.742701708982552e-06,-0.0008812683558680093,-0.0005172902835180186
original_ngtdm_Contrast_L5,-0.0002778335360281386,-8.617576828917227e-05,-0.0006822851920274337,-0.0005504759941604807
original_ngtdm_Contrast_Complete,-0.00029489094629250786,-4.9097355496686844e-05,-0.0007883702509344254,-0.0006417761547466357
original_ngtdm_Strength_L1,-0.0027505901372435705,-0.004278368147806889,-0.003945975632299638,-0.005176933374331859
original_ngtdm_Strength_L2,-0.0026041198474519487,-0.0039919709965652245,-0.00279284129748291,-0.004069635417173801
original_ngtdm_Strength_L3,-0.0022515441279730313,-0.003897093360374306,-0.0031188980769646323,-0.0036083679480533753
original_ngtdm_Strength_L4,-0.0026933381321546917,-0.004611029847842963,-0.0021571328770439977,-0.0034869915623770456
original_ngtdm_Strength_L5,-0.0025568265017277335,-0.004971988115778938,-0.003132132087163105,-0.0036323582707242326
original_ngtdm_Strength_Complete,-0.0005458821371563233,-0.001016078563852628,-0.0005018243697651973,-0.0005737716296315844
